{"data_20260617_172434.json": {"upload_time": 1781691874.0548465}, "ofi_data.db": {"upload_time": 1781756698.0981317}, "file_metadata.json": {"upload_time": 1781756748.4583051}, "file_status.json": {"upload_time": 1781757035.0910418}, "system_config.json": {"upload_time": 1781756814.3989959}, "published_data.json": {"upload_time": 1781756814.398672}, "master_metadata.json": {"upload_time": 1781763503.282253}, "chart_settings.json": {"upload_time": 1781854399.7223783}, "test_data_20260619_180229.xlsx": {"upload_time": 1781866949.412527}, "test_data_20260619_180805.xlsx": {"upload_time": 1781867285.779097}, "2568_RM&IC_OFI Improvement Plan_update_20260622_154253.xlsx": {"upload_time": 1782117773.51948}, "~$2568_RM&IC_OFI Improvement Plan_update_20260622_154253.xlsx": {"upload_time": 1782208058.2852387}, "2568_RM&IC_OFI Improvement Plan_update_20260622_154253_20260624_102429.xlsx": {"upload_time": 1782271469.083574}}